buscado_em,moedas_coletadas,preco_bitcoin
2026-09-25T03:50:38+00:00,15,437041
2026-09-25T04:19:45+00:00,15,436766
2026-09-25T10:13:57+00:00,15,438318
2026-09-25T15:19:16+00:00,15,436574
2026-09-25T20:02:08+00:00,15,435679
2026-09-25T23:20:07+00:00,15,435531
2026-09-26T05:03:27+00:00,15,435074
2026-09-26T09:54:36+00:00,15,435255
2026-09-26T14:32:02+00:00,15,435076
2026-09-26T18:37:53+00:00,15,435509
2026-09-26T21:58:25+00:00,15,435821
2026-09-27T00:39:28+00:00,15,436941
2026-09-27T06:38:08+00:00,15,437978
2026-09-27T13:05:31+00:00,15,439123
2026-09-27T17:47:18+00:00,15,437669
2026-09-27T21:23:09+00:00,15,439084
